Timestamp,Service Units Used
2025-03-29 11:45:10.222,2
2025-03-29 11:45:25.222,2
2025-03-29 11:45:40.222,3
2025-03-29 11:45:55.222,4
2025-03-29 11:46:10.222,4
2025-03-29 11:46:25.222,4
2025-03-29 11:46:40.222,3
2025-03-29 11:46:55.222,4
2025-03-29 11:47:10.222,5
2025-03-29 11:47:25.222,5
2025-03-29 11:47:40.222,3
2025-03-29 11:47:55.222,4
2025-03-29 11:48:10.222,5
2025-03-29 11:48:25.222,6
2025-03-29 11:48:40.222,6
2025-03-29 11:48:55.222,6
2025-03-29 11:49:10.222,5
2025-03-29 11:49:25.222,5
2025-03-29 11:49:40.222,4
2025-03-29 11:49:55.222,4
2025-03-29 11:50:10.222,4
2025-03-29 11:50:25.222,4
2025-03-29 11:50:40.222,4
2025-03-29 11:50:55.222,4
2025-03-29 11:51:10.222,3
2025-03-29 11:51:25.222,3
2025-03-29 11:51:40.222,4
2025-03-29 11:51:55.222,5
2025-03-29 11:52:10.222,5
2025-03-29 11:52:25.222,5
2025-03-29 11:52:40.222,5
2025-03-29 11:52:55.222,4
2025-03-29 11:53:10.222,4
2025-03-29 11:53:25.222,4
2025-03-29 11:53:40.222,5
2025-03-29 11:53:55.222,4
2025-03-29 11:54:10.222,4
2025-03-29 11:54:25.222,4
2025-03-29 11:54:40.222,4
2025-03-29 11:54:55.222,4
2025-03-29 11:55:10.222,4
2025-03-29 11:55:25.222,4
2025-03-29 11:55:40.222,4
2025-03-29 11:55:55.222,4
2025-03-29 11:56:10.222,4
2025-03-29 11:56:25.222,3
2025-03-29 11:56:40.222,3
2025-03-29 11:56:55.222,4
2025-03-29 11:57:10.222,4
2025-03-29 11:57:25.222,4
2025-03-29 11:57:40.222,4
2025-03-29 11:57:55.222,4
2025-03-29 11:58:10.222,3
2025-03-29 11:58:25.222,4
2025-03-29 11:58:40.222,4
2025-03-29 11:58:55.222,4
2025-03-29 11:59:10.222,4
2025-03-29 11:59:25.222,4
2025-03-29 11:59:40.222,4
2025-03-29 11:59:55.222,4
2025-03-29 12:00:10.222,4
2025-03-29 12:00:25.222,3
2025-03-29 12:00:40.222,4
2025-03-29 12:00:55.222,6
2025-03-29 12:01:10.222,6
2025-03-29 12:01:25.222,5
2025-03-29 12:01:40.222,4
2025-03-29 12:01:55.222,5
2025-03-29 12:02:10.222,6
2025-03-29 12:02:25.222,5
2025-03-29 12:02:40.222,5
2025-03-29 12:02:55.222,5
2025-03-29 12:03:10.222,4
2025-03-29 12:03:25.222,4
2025-03-29 12:03:40.222,4
2025-03-29 12:03:55.222,5
2025-03-29 12:04:10.222,5
2025-03-29 12:04:25.222,4
2025-03-29 12:04:40.222,5
2025-03-29 12:04:55.222,5
2025-03-29 12:05:10.222,5
2025-03-29 12:05:25.222,5
2025-03-29 12:05:40.222,5
2025-03-29 12:05:55.222,4
2025-03-29 12:06:10.222,4
2025-03-29 12:06:25.222,4
2025-03-29 12:06:40.222,5
2025-03-29 12:06:55.222,4
2025-03-29 12:07:10.222,3
2025-03-29 12:07:25.222,4
2025-03-29 12:07:40.222,4
2025-03-29 12:07:55.222,4
2025-03-29 12:08:10.222,3
2025-03-29 12:08:25.222,4
2025-03-29 12:08:40.222,4
2025-03-29 12:08:55.222,4
2025-03-29 12:09:10.222,5
2025-03-29 12:09:25.222,5
2025-03-29 12:09:40.222,4
2025-03-29 12:09:55.222,4
2025-03-29 12:10:10.222,4
2025-03-29 12:10:25.222,5
2025-03-29 12:10:40.222,5
2025-03-29 12:10:55.222,5
2025-03-29 12:11:10.222,5
2025-03-29 12:11:25.222,5
2025-03-29 12:11:40.222,5
2025-03-29 12:11:55.222,4
2025-03-29 12:12:10.222,4
2025-03-29 12:12:25.222,4
2025-03-29 12:12:40.222,5
2025-03-29 12:12:55.222,5
2025-03-29 12:13:10.222,4
2025-03-29 12:13:25.222,3
2025-03-29 12:13:40.222,3
2025-03-29 12:13:55.222,4
2025-03-29 12:14:10.222,4
2025-03-29 12:14:25.222,4
2025-03-29 12:14:40.222,4
2025-03-29 12:14:55.222,4
2025-03-29 12:15:10.222,5
2025-03-29 12:15:25.222,5
2025-03-29 12:15:40.222,5
2025-03-29 12:15:55.222,5
2025-03-29 12:16:10.222,4
2025-03-29 12:16:25.222,3
2025-03-29 12:16:40.222,3
2025-03-29 12:16:55.222,3
2025-03-29 12:17:10.222,3
2025-03-29 12:17:25.222,3
2025-03-29 12:17:40.222,3
2025-03-29 12:17:55.222,4
2025-03-29 12:18:10.222,4
2025-03-29 12:18:25.222,4
2025-03-29 12:18:40.222,3
2025-03-29 12:18:55.222,3
2025-03-29 12:19:10.222,4
2025-03-29 12:19:25.222,4
2025-03-29 12:19:40.222,5
2025-03-29 12:19:55.222,4
2025-03-29 12:20:10.222,4
2025-03-29 12:20:25.222,4
2025-03-29 12:20:40.222,4
2025-03-29 12:20:55.222,4
2025-03-29 12:21:10.222,4
2025-03-29 12:21:25.222,3
2025-03-29 12:21:40.222,3
2025-03-29 12:21:55.222,4
2025-03-29 12:22:10.222,4
2025-03-29 12:22:25.222,4
2025-03-29 12:22:40.222,3
2025-03-29 12:22:55.222,3
2025-03-29 12:23:10.222,3
2025-03-29 12:23:25.222,5
2025-03-29 12:23:40.222,4
2025-03-29 12:23:55.222,3
2025-03-29 12:24:10.222,3
2025-03-29 12:24:25.222,4
2025-03-29 12:24:40.222,6
2025-03-29 12:24:55.222,5
2025-03-29 12:25:10.222,4
2025-03-29 12:25:25.222,3
2025-03-29 12:25:40.222,3
2025-03-29 12:25:55.222,4
2025-03-29 12:26:10.222,3
2025-03-29 12:26:25.222,3
2025-03-29 12:26:40.222,4
2025-03-29 12:26:55.222,4
2025-03-29 12:27:10.222,5
2025-03-29 12:27:25.222,5
2025-03-29 12:27:40.222,5
2025-03-29 12:27:55.222,4
2025-03-29 12:28:10.222,4
2025-03-29 12:28:25.222,4
2025-03-29 12:28:40.222,4
2025-03-29 12:28:55.222,4
2025-03-29 12:29:10.222,4
2025-03-29 12:29:25.222,4
2025-03-29 12:29:40.222,4
2025-03-29 12:29:55.222,4
2025-03-29 12:30:10.222,4
2025-03-29 12:30:25.222,4
2025-03-29 12:30:40.222,4
2025-03-29 12:30:55.222,4
2025-03-29 12:31:10.222,4
2025-03-29 12:31:25.222,4
2025-03-29 12:31:40.222,3
2025-03-29 12:31:55.222,4
2025-03-29 12:32:10.222,4
2025-03-29 12:32:25.222,4
2025-03-29 12:32:40.222,4
2025-03-29 12:32:55.222,4
2025-03-29 12:33:10.222,5
2025-03-29 12:33:25.222,4
2025-03-29 12:33:40.222,4
2025-03-29 12:33:55.222,4
2025-03-29 12:34:10.222,4
2025-03-29 12:34:25.222,4
2025-03-29 12:34:40.222,4
2025-03-29 12:34:55.222,4
2025-03-29 12:35:10.222,4
2025-03-29 12:35:25.222,4
2025-03-29 12:35:40.222,4
2025-03-29 12:35:55.222,5
2025-03-29 12:36:10.222,4
2025-03-29 12:36:25.222,4
2025-03-29 12:36:40.222,4
2025-03-29 12:36:55.222,4
2025-03-29 12:37:10.222,4
2025-03-29 12:37:25.222,4
2025-03-29 12:37:40.222,3
2025-03-29 12:37:55.222,4
2025-03-29 12:38:10.222,3
2025-03-29 12:38:25.222,3
2025-03-29 12:38:40.222,4
2025-03-29 12:38:55.222,4
2025-03-29 12:39:10.222,4
2025-03-29 12:39:25.222,4
2025-03-29 12:39:40.222,5
2025-03-29 12:39:55.222,4
2025-03-29 12:40:10.222,4
2025-03-29 12:40:25.222,4
2025-03-29 12:40:40.222,4
2025-03-29 12:40:55.222,4
2025-03-29 12:41:10.222,4
2025-03-29 12:41:25.222,4
2025-03-29 12:41:40.222,4
2025-03-29 12:41:55.222,4
2025-03-29 12:42:10.222,4
2025-03-29 12:42:25.222,4
2025-03-29 12:42:40.222,4
2025-03-29 12:42:55.222,4
2025-03-29 12:43:10.222,4
2025-03-29 12:43:25.222,4
2025-03-29 12:43:40.222,4
2025-03-29 12:43:55.222,3
2025-03-29 12:44:10.222,3
2025-03-29 12:44:25.222,3
2025-03-29 12:44:40.222,4
2025-03-29 12:44:55.222,4
2025-03-29 12:45:10.222,4
2025-03-29 12:45:25.222,5
2025-03-29 12:45:40.222,4
2025-03-29 12:45:55.222,3
2025-03-29 12:46:10.222,3
2025-03-29 12:46:25.222,3
2025-03-29 12:46:40.222,4
2025-03-29 12:46:55.222,4
2025-03-29 12:47:10.222,4
2025-03-29 12:47:25.222,4
2025-03-29 12:47:40.222,4
2025-03-29 12:47:55.222,4
2025-03-29 12:48:10.222,4
2025-03-29 12:48:25.222,4
2025-03-29 12:48:40.222,4
2025-03-29 12:48:55.222,4
2025-03-29 12:49:10.222,3
2025-03-29 12:49:25.222,3
2025-03-29 12:49:40.222,4
2025-03-29 12:49:55.222,4
2025-03-29 12:50:10.222,5
2025-03-29 12:50:25.222,5
2025-03-29 12:50:40.222,5
2025-03-29 12:50:55.222,5
2025-03-29 12:51:10.222,4
2025-03-29 12:51:25.222,4
2025-03-29 12:51:40.222,3
2025-03-29 12:51:55.222,4
2025-03-29 12:52:10.222,4
2025-03-29 12:52:25.222,3
2025-03-29 12:52:40.222,4
2025-03-29 12:52:55.222,4
2025-03-29 12:53:10.222,4
2025-03-29 12:53:25.222,4
2025-03-29 12:53:40.222,5
2025-03-29 12:53:55.222,4
2025-03-29 12:54:10.222,5
2025-03-29 12:54:25.222,5
2025-03-29 12:54:40.222,3
2025-03-29 12:54:55.222,4
2025-03-29 12:55:10.222,6
2025-03-29 12:55:25.222,7
2025-03-29 12:55:40.222,6
2025-03-29 12:55:55.222,5
2025-03-29 12:56:10.222,4
2025-03-29 12:56:25.222,4
2025-03-29 12:56:40.222,5
2025-03-29 12:56:55.222,5
2025-03-29 12:57:10.222,4
2025-03-29 12:57:25.222,3
2025-03-29 12:57:40.222,3
2025-03-29 12:57:55.222,3
2025-03-29 12:58:10.222,4
2025-03-29 12:58:25.222,4
2025-03-29 12:58:40.222,4
2025-03-29 12:58:55.222,4
2025-03-29 12:59:10.222,3
2025-03-29 12:59:25.222,4
2025-03-29 12:59:40.222,5
2025-03-29 12:59:55.222,4
2025-03-29 13:00:10.222,4
2025-03-29 13:00:25.222,5
2025-03-29 13:00:40.222,5
2025-03-29 13:00:55.222,4
2025-03-29 13:01:10.222,4
2025-03-29 13:01:25.222,4
2025-03-29 13:01:40.222,5
2025-03-29 13:01:55.222,5
2025-03-29 13:02:10.222,5
2025-03-29 13:02:25.222,5
2025-03-29 13:02:40.222,5
2025-03-29 13:02:55.222,5
2025-03-29 13:03:10.222,4
2025-03-29 13:03:25.222,4
2025-03-29 13:03:40.222,4
2025-03-29 13:03:55.222,5
2025-03-29 13:04:10.222,6
2025-03-29 13:04:25.222,5
2025-03-29 13:04:40.222,6
2025-03-29 13:04:55.222,6
2025-03-29 13:05:10.222,5
2025-03-29 13:05:25.222,5
2025-03-29 13:05:40.222,5
2025-03-29 13:05:55.222,5
2025-03-29 13:06:10.222,5
2025-03-29 13:06:25.222,5
2025-03-29 13:06:40.222,4
2025-03-29 13:06:55.222,4
2025-03-29 13:07:10.222,5
2025-03-29 13:07:25.222,5
2025-03-29 13:07:40.222,5
2025-03-29 13:07:55.222,4
2025-03-29 13:08:10.222,4
2025-03-29 13:08:25.222,4
2025-03-29 13:08:40.222,4
2025-03-29 13:08:55.222,4
2025-03-29 13:09:10.222,4
2025-03-29 13:09:25.222,4
2025-03-29 13:09:40.222,4
2025-03-29 13:09:55.222,5
2025-03-29 13:10:10.222,5
2025-03-29 13:10:25.222,5
2025-03-29 13:10:40.222,5
2025-03-29 13:10:55.222,5
2025-03-29 13:11:10.222,4
2025-03-29 13:11:25.222,5
2025-03-29 13:11:40.222,5
2025-03-29 13:11:55.222,5
2025-03-29 13:12:10.222,5
2025-03-29 13:12:25.222,5
2025-03-29 13:12:40.222,4
2025-03-29 13:12:55.222,4
2025-03-29 13:13:10.222,4
2025-03-29 13:13:25.222,4
2025-03-29 13:13:40.222,4
2025-03-29 13:13:55.222,4
2025-03-29 13:14:10.222,4
2025-03-29 13:14:25.222,4
2025-03-29 13:14:40.222,5
2025-03-29 13:14:55.222,6
2025-03-29 13:15:10.222,7
2025-03-29 13:15:25.222,6
2025-03-29 13:15:40.222,5
2025-03-29 13:15:55.222,4
2025-03-29 13:16:10.222,4
2025-03-29 13:16:25.222,4
2025-03-29 13:16:40.222,4
2025-03-29 13:16:55.222,3
2025-03-29 13:17:10.222,3
2025-03-29 13:17:25.222,3
2025-03-29 13:17:40.222,4
2025-03-29 13:17:55.222,5
2025-03-29 13:18:10.222,5
2025-03-29 13:18:25.222,5
2025-03-29 13:18:40.222,5
2025-03-29 13:18:55.222,5
2025-03-29 13:19:10.222,5
2025-03-29 13:19:25.222,4
2025-03-29 13:19:40.222,4
2025-03-29 13:19:55.222,4
2025-03-29 13:20:10.222,5
2025-03-29 13:20:25.222,5
2025-03-29 13:20:40.222,4
2025-03-29 13:20:55.222,4
2025-03-29 13:21:10.222,3
2025-03-29 13:21:25.222,3
2025-03-29 13:21:40.222,5
2025-03-29 13:21:55.222,5
2025-03-29 13:22:10.222,6
2025-03-29 13:22:25.222,5
2025-03-29 13:22:40.222,5
2025-03-29 13:22:55.222,4
2025-03-29 13:23:10.222,4
2025-03-29 13:23:25.222,4
2025-03-29 13:23:40.222,5
2025-03-29 13:23:55.222,5
2025-03-29 13:24:10.222,6
2025-03-29 13:24:25.222,6
2025-03-29 13:24:40.222,5
2025-03-29 13:24:55.222,5
2025-03-29 13:25:10.222,5
2025-03-29 13:25:25.222,5
2025-03-29 13:25:40.222,6
2025-03-29 13:25:55.222,5
2025-03-29 13:26:10.222,5
2025-03-29 13:26:25.222,5
2025-03-29 13:26:40.222,5
2025-03-29 13:26:55.222,5
2025-03-29 13:27:10.222,5
2025-03-29 13:27:25.222,5
2025-03-29 13:27:40.222,5
2025-03-29 13:27:55.222,6
2025-03-29 13:28:10.222,5
2025-03-29 13:28:25.222,5
2025-03-29 13:28:40.222,4
2025-03-29 13:28:55.222,4
2025-03-29 13:29:10.222,4
2025-03-29 13:29:25.222,5
2025-03-29 13:29:40.222,5
2025-03-29 13:29:55.222,4
2025-03-29 13:30:10.222,4
2025-03-29 13:30:25.222,4
2025-03-29 13:30:40.222,5
2025-03-29 13:30:55.222,5
2025-03-29 13:31:10.222,5
2025-03-29 13:31:25.222,5
2025-03-29 13:31:40.222,5
2025-03-29 13:31:55.222,5
2025-03-29 13:32:10.222,4
2025-03-29 13:32:25.222,4
2025-03-29 13:32:40.222,4
2025-03-29 13:32:55.222,5
2025-03-29 13:33:10.222,6
2025-03-29 13:33:25.222,6
2025-03-29 13:33:40.222,5
2025-03-29 13:33:55.222,5
2025-03-29 13:34:10.222,5
2025-03-29 13:34:25.222,5
2025-03-29 13:34:40.222,5
2025-03-29 13:34:55.222,5
2025-03-29 13:35:10.222,5
2025-03-29 13:35:25.222,5
2025-03-29 13:35:40.222,6
2025-03-29 13:35:55.222,5
2025-03-29 13:36:10.222,4
2025-03-29 13:36:25.222,5
2025-03-29 13:36:40.222,4
2025-03-29 13:36:55.222,4
2025-03-29 13:37:10.222,4
2025-03-29 13:37:25.222,5
2025-03-29 13:37:40.222,5
2025-03-29 13:37:55.222,5
2025-03-29 13:38:10.222,5
2025-03-29 13:38:25.222,5
2025-03-29 13:38:40.222,4
2025-03-29 13:38:55.222,4
2025-03-29 13:39:10.222,4
2025-03-29 13:39:25.222,4
2025-03-29 13:39:40.222,5
2025-03-29 13:39:55.222,4
2025-03-29 13:40:10.222,4
2025-03-29 13:40:25.222,4
2025-03-29 13:40:40.222,4
2025-03-29 13:40:55.222,4
2025-03-29 13:41:10.222,4
2025-03-29 13:41:25.222,5
2025-03-29 13:41:40.222,6
2025-03-29 13:41:55.222,6
2025-03-29 13:42:10.222,5
2025-03-29 13:42:25.222,5
2025-03-29 13:42:40.222,5
2025-03-29 13:42:55.222,4
2025-03-29 13:43:10.222,4
2025-03-29 13:43:25.222,5
2025-03-29 13:43:40.222,5
2025-03-29 13:43:55.222,4
2025-03-29 13:44:10.222,4
2025-03-29 13:44:25.222,4
2025-03-29 13:44:40.222,5
2025-03-29 13:44:55.222,5
2025-03-29 13:45:10.222,5
